"Email Address","First Name","Last Name",Organization,"Address (Work)","Address (Home)","Address (Other)","Member Rating","Bounce Type"
Dena@denamarino.com,,,,,,,1,hard
cblackwell@cityyear.org,Christal,Blackwell,,,,,1,soft
awells@cityyear.org,Annah,Wells,,,,,1,soft
jhoward@cityyear.org,Jenelle,Howard,,,,,1,soft
lsantos@cityyear.org,Leah,Santos,,,,,1,soft
dmidgyett@cityyear.org,Danielle,Midgyett,,,,,1,soft
jgaffney@cityyear.org,Jaclyn,Gaffneu,,,,,1,soft
emoreno@cityyear.org,Eduardo,Moreno,,,,,1,soft
rtove-white@cityyear.org,Rachel,Tove-White,,,,,1,soft
kwhaley@cityyear.org,"Kelsee ",Whaley,,,,,1,soft
spearson@cityyear.org,,,,,,,1,soft
sverde@cityyear.org,,,,,,,1,soft
ksanchez@cityyear.org,,,,,,,1,soft
